post_id,post_type,sender,receiver,post_text,date_time_posted,visibility
1,message,afawlkes0,adelafoy0,Let's meet at the park.,3/13/2023,Visible
2,story,vpoint1,mdebold1,I'll be there in 5 minutes.,6/25/2023,Not visible
3,message,ogodier2,acaddock2,What's for dinner tonight?,4/17/2023,Visible
4,story,amchale3,kwestman3,how are you?,10/13/2023,Visible
5,message,raitken4,vspawton4,Hello,11/18/2023,Visible
6,story,bmassard5,jblencowe5,I'll be there in 5 minutes.,3/30/2023,Visible
7,message,dposchel6,hyerby6,how are you?,9/27/2023,Visible
8,story,lcaccavella7,mgosland7,how are you?,1/9/2024,Not visible
9,story,mmerrell8,hjeffryes8,how are you?,11/30/2023,Visible
10,message,aneat9,rrusse9,What's for dinner tonight?,6/1/2023,Not visible
11,message,fspreckleya,tchellenhama,how are you?,3/19/2023,Not visible
12,story,hsproulb,bbrunb,I'll be there in 5 minutes.,9/18/2023,Not visible
13,message,dbollomc,aassandric,Hello,3/11/2023,Not visible
14,message,mbranchd,hhounshamd,I'll be there in 5 minutes.,2/10/2024,Visible
15,message,wfinese,ahuggarde,how are you?,8/21/2023,Visible
16,story,jsheardsf,egisburnf,What's for dinner tonight?,6/22/2023,Visible
17,message,schildreng,lfolgerg,Let's meet at the park.,1/21/2024,Not visible
18,story,rkeppyh,tdooleh,Hello,6/27/2023,Not visible
19,message,vricksi,wromai,how are you?,12/9/2023,Not visible
20,message,mertj,efortmanj,how are you?,7/6/2023,Visible
21,message,mtorveyk,gmcloneyk,I'll be there in 5 minutes.,7/22/2023,Visible
22,story,rslyl,jchurml,how are you?,10/1/2023,Visible
23,story,hbeahanm,poxenfordm,how are you?,1/29/2024,Not visible
24,message,mjollandn,abullinn,Hello,9/23/2023,Not visible
25,message,jglanvillo,eczapleo,I'll be there in 5 minutes.,5/30/2023,Visible
26,story,mburdonp,acroydonp,I'll be there in 5 minutes.,6/29/2023,Not visible
27,message,ebingleq,snovikq,What's for dinner tonight?,10/8/2023,Not visible
28,story,gcrocir,fkeeleyr,Let's meet at the park.,9/6/2023,Visible
29,message,tpearsons,gverekers,I'll be there in 5 minutes.,12/10/2023,Not visible
30,story,ssnaddint,wfontint,how are you?,12/22/2023,Visible
31,message,jforrestu,herlamu,I'll be there in 5 minutes.,9/18/2023,Not visible
32,story,esantostefanov,ngiorgielliv,how are you?,11/1/2023,Visible
33,message,rdurtnelw,aklimpw,I'll be there in 5 minutes.,8/14/2023,Visible
34,message,raustingx,mbeckwithx,What's for dinner tonight?,7/23/2023,Visible
35,message,myerrelly,rkhristyukhiny,Let's meet at the park.,7/4/2023,Not visible
36,message,wpriestnallz,aphillerz,I'll be there in 5 minutes.,6/21/2023,Visible
37,message,nwhetland10,olichtfoth10,Hello,8/4/2023,Visible
38,story,etampion11,cjose11,What's for dinner tonight?,5/18/2023,Not visible
39,message,rmanoelli12,nbirrel12,What's for dinner tonight?,12/24/2023,Visible
40,message,sjaxon13,gcastard13,What's for dinner tonight?,5/18/2023,Visible
41,story,dkeemar14,klacey14,Hello,7/13/2023,Not visible
42,message,wavann15,sgamett15,how are you?,3/20/2023,Not visible
43,message,bcornil16,ahansen16,Hello,9/23/2023,Not visible
44,message,crainer17,aeberdt17,Let's meet at the park.,10/7/2023,Visible
45,story,cklimowski18,ckenningham18,I'll be there in 5 minutes.,10/25/2023,Visible
46,message,mhurdle19,bswate19,What's for dinner tonight?,5/10/2023,Not visible
47,story,charrill1a,awoloschinski1a,Hello,1/20/2024,Not visible
48,message,bkovalski1b,edmitrienko1b,What's for dinner tonight?,4/18/2023,Not visible
49,story,jkrop1c,green1c,Hello,4/15/2023,Visible
50,story,tkingaby1d,gspellessy1d,I'll be there in 5 minutes.,10/13/2023,Visible
51,message,phourahan1e,socannavan1e,how are you?,11/27/2023,Visible
52,message,tvany1f,zronchi1f,how are you?,3/26/2023,Not visible
53,message,jcraigs1g,kcaldow1g,Let's meet at the park.,7/22/2023,Not visible
54,message,bfylan1h,tsimons1h,I'll be there in 5 minutes.,5/1/2023,Not visible
55,message,ccamplen1i,abergin1i,Hello,4/22/2023,Visible
56,story,lcutmare1j,lbreckon1j,how are you?,6/26/2023,Not visible
57,story,amaclaverty1k,gandrzejewski1k,how are you?,11/24/2023,Not visible
58,story,mhovington1l,ccubbinelli1l,Let's meet at the park.,2/9/2024,Not visible
59,message,kwileman1m,dstockhill1m,What's for dinner tonight?,6/2/2023,Visible
60,story,dpartleton1n,nhammand1n,I'll be there in 5 minutes.,5/6/2023,Visible
61,story,nyakutin1o,fheber1o,Hello,12/24/2023,Visible
62,message,dfice1p,mbeard1p,how are you?,8/17/2023,Visible
63,story,adanielsky1q,muphill1q,What's for dinner tonight?,5/21/2023,Visible
64,message,atomasi1r,cmichelin1r,What's for dinner tonight?,11/15/2023,Not visible
65,story,abankhurst1s,agreatbanks1s,What's for dinner tonight?,12/20/2023,Visible
66,message,mniblo1t,mbremeyer1t,I'll be there in 5 minutes.,3/2/2024,Visible
67,story,mblonfield1u,tlewinton1u,Hello,5/12/2023,Not visible
68,message,edonald1v,rshirtcliffe1v,What's for dinner tonight?,2/19/2024,Visible
69,message,kclitheroe1w,cchable1w,Hello,6/24/2023,Visible
70,story,ccush1x,phouseman1x,I'll be there in 5 minutes.,12/22/2023,Not visible
71,story,hswedeland1y,mdollard1y,I'll be there in 5 minutes.,7/6/2023,Visible
72,story,ggoalby1z,jpaladini1z,What's for dinner tonight?,6/9/2023,Not visible
73,message,bhumphris20,gbenzi20,I'll be there in 5 minutes.,6/10/2023,Visible
74,message,aabells21,mkilbride21,What's for dinner tonight?,12/2/2023,Visible
75,story,ngennings22,mgoodge22,I'll be there in 5 minutes.,11/1/2023,Not visible
76,story,dgallimore23,mheeps23,Let's meet at the park.,8/10/2023,Visible
77,story,wmcall24,tdaldry24,What's for dinner tonight?,5/14/2023,Not visible
78,message,wdaal25,arampton25,Hello,5/1/2023,Not visible
79,message,dcaulcott26,ddounbare26,Hello,12/19/2023,Visible
80,story,hshitliff27,gbailes27,Let's meet at the park.,5/24/2023,Not visible
81,message,atorre28,lgatlin28,Hello,6/18/2023,Not visible
82,message,jgorges29,davard29,What's for dinner tonight?,5/16/2023,Not visible
83,message,sparrish2a,cshawdforth2a,Hello,8/31/2023,Not visible
84,message,oklimowicz2b,zmanvelle2b,I'll be there in 5 minutes.,8/13/2023,Visible
85,story,lgillino2c,welfes2c,Let's meet at the park.,3/11/2023,Visible
86,message,triceards2d,kthorns2d,how are you?,6/12/2023,Visible
87,story,sailmer2e,pwoolam2e,What's for dinner tonight?,3/29/2023,Not visible
88,story,ahankey2f,bbryson2f,I'll be there in 5 minutes.,10/16/2023,Not visible
89,story,efrid2g,lattfield2g,how are you?,9/16/2023,Not visible
90,story,sblight2h,izanardii2h,Let's meet at the park.,8/19/2023,Visible
91,story,rflatte2i,hbarukh2i,how are you?,7/6/2023,Visible
92,story,gthomen2j,jnormavell2j,Hello,7/20/2023,Not visible
93,story,zsalkild2k,ijelk2k,Let's meet at the park.,8/13/2023,Not visible
94,message,mmatushenko2l,mgonning2l,I'll be there in 5 minutes.,7/29/2023,Visible
95,story,lmilnthorpe2m,bcowhig2m,What's for dinner tonight?,3/29/2023,Visible
96,story,doheffernan2n,lferrie2n,What's for dinner tonight?,4/2/2023,Visible
97,message,vcurteis2o,sbillingsley2o,What's for dinner tonight?,3/25/2023,Not visible
98,story,gellaway2p,rheams2p,I'll be there in 5 minutes.,2/20/2024,Visible
99,story,afidgett2q,lfoulcher2q,Hello,10/10/2023,Visible
100,story,ecella2r,dgabbot2r,What's for dinner tonight?,10/18/2023,Visible
101,story,rtropman2s,cbean2s,Hello,2/3/2024,Visible
102,story,abigg2t,mmerman2t,I'll be there in 5 minutes.,6/26/2023,Not visible
103,story,rfazzioli2u,ldorrance2u,What's for dinner tonight?,9/12/2023,Not visible
104,story,aginie2v,ftolley2v,Let's meet at the park.,9/28/2023,Visible
105,message,llate2w,sblowers2w,What's for dinner tonight?,9/12/2023,Not visible
106,story,mscrane2x,dnaper2x,Let's meet at the park.,11/26/2023,Not visible
107,message,bcornelius2y,sivamy2y,I'll be there in 5 minutes.,8/31/2023,Not visible
108,message,dedy2z,gsabathe2z,What's for dinner tonight?,1/7/2024,Not visible
109,story,kriddel30,jgiriardelli30,Let's meet at the park.,4/12/2023,Not visible
110,message,bmerrell31,gdealmeida31,Hello,12/15/2023,Not visible
111,message,epettifer32,jclampton32,I'll be there in 5 minutes.,3/24/2023,Visible
112,story,meliassen33,bsayton33,I'll be there in 5 minutes.,10/15/2023,Not visible
113,message,rmattevi34,woertzen34,What's for dinner tonight?,12/19/2023,Not visible
114,message,rgallear35,jkemwal35,Let's meet at the park.,9/28/2023,Visible
115,story,cbeames36,ghargroves36,Hello,1/9/2024,Visible
116,story,bcreed37,mmacneely37,I'll be there in 5 minutes.,10/16/2023,Not visible
117,story,haspinall38,cbandey38,how are you?,6/2/2023,Visible
118,message,aklammt39,khowell39,I'll be there in 5 minutes.,12/18/2023,Visible
119,message,nclineck3a,cigonet3a,Let's meet at the park.,7/7/2023,Visible
120,story,vgiabuzzi3b,hbanker3b,I'll be there in 5 minutes.,12/30/2023,Visible
121,story,aebbens3c,mkail3c,Hello,5/15/2023,Not visible
122,message,bvescovini3d,ccockshut3d,What's for dinner tonight?,9/19/2023,Not visible
123,message,cheersma3e,tchadbourne3e,What's for dinner tonight?,7/9/2023,Visible
124,story,rcumberlidge3f,bcollin3f,I'll be there in 5 minutes.,1/14/2024,Not visible
125,message,jblamire3g,tfuzzey3g,I'll be there in 5 minutes.,1/19/2024,Not visible
126,story,eblooman3h,tgrandin3h,I'll be there in 5 minutes.,5/31/2023,Visible
127,message,vgeertje3i,fwinspear3i,I'll be there in 5 minutes.,11/27/2023,Visible
128,story,ewolfit3j,brafter3j,Let's meet at the park.,4/12/2023,Visible
129,message,acommins3k,ethomesson3k,What's for dinner tonight?,3/28/2023,Visible
130,story,hlukehurst3l,ledgeon3l,Let's meet at the park.,10/8/2023,Visible
131,story,csemonin3m,agreg3m,how are you?,5/7/2023,Not visible
132,message,kshelborne3n,bthibodeaux3n,Let's meet at the park.,8/6/2023,Not visible
133,story,hautry3o,cleyburn3o,how are you?,7/11/2023,Not visible
134,message,nalekseev3p,fqueree3p,Hello,3/15/2023,Visible
135,message,cbaumann3q,vdare3q,how are you?,1/2/2024,Visible
136,message,stattershall3r,mnias3r,I'll be there in 5 minutes.,4/20/2023,Visible
137,message,wworsam3s,hsimenon3s,Let's meet at the park.,1/29/2024,Not visible
138,message,seivers3t,vvertey3t,Hello,11/13/2023,Not visible
139,message,sfoulger3u,nstanney3u,Hello,9/26/2023,Visible
140,story,rgrange3v,cbeasleigh3v,I'll be there in 5 minutes.,2/11/2024,Visible
141,story,mgrzeskowski3w,amaplethorp3w,What's for dinner tonight?,5/21/2023,Visible
142,story,kprentice3x,bgero3x,Hello,12/19/2023,Visible
143,story,cwindaybank3y,sjerok3y,Hello,9/30/2023,Visible
144,story,amuspratt3z,lguihen3z,What's for dinner tonight?,3/9/2023,Visible
145,message,aofaherty40,ctrembley40,Hello,3/19/2023,Not visible
146,message,fcheasman41,nmurrhardt41,Let's meet at the park.,2/24/2024,Not visible
147,story,phuitson42,tdufaire42,Let's meet at the park.,9/8/2023,Not visible
148,message,cvarley43,egilmartin43,What's for dinner tonight?,11/8/2023,Not visible
149,story,ctackell44,sgrgic44,I'll be there in 5 minutes.,5/8/2023,Visible
150,story,cmartinat45,aamor45,I'll be there in 5 minutes.,2/2/2024,Visible
151,message,cbaldack46,rdreye46,I'll be there in 5 minutes.,8/6/2023,Not visible
152,message,jvidgen47,bhaggard47,What's for dinner tonight?,9/23/2023,Not visible
153,message,jmcturley48,fhalgarth48,Let's meet at the park.,1/22/2024,Visible
154,message,aquenby49,hfinlay49,Let's meet at the park.,2/3/2024,Visible
155,message,ahacquoil4a,dwallworke4a,Let's meet at the park.,3/28/2023,Not visible
156,story,delijahu4b,dalbasiny4b,Hello,3/16/2023,Visible
157,story,shebblethwaite4c,sprothero4c,Hello,4/24/2023,Visible
158,message,imisk4d,eduddy4d,What's for dinner tonight?,3/5/2023,Visible
159,message,jmcadam4e,sgiorio4e,Let's meet at the park.,1/8/2024,Visible
160,message,mlavens4f,bschelle4f,how are you?,10/31/2023,Not visible
161,message,ldesforges4g,pclemensen4g,I'll be there in 5 minutes.,1/21/2024,Not visible
162,story,blampett4h,npeizer4h,I'll be there in 5 minutes.,12/1/2023,Not visible
163,message,johogertie4i,kbroderick4i,how are you?,9/5/2023,Visible
164,message,sfromant4j,lohare4j,I'll be there in 5 minutes.,7/10/2023,Visible
165,story,cchadbourne4k,slemm4k,I'll be there in 5 minutes.,6/22/2023,Not visible
166,story,eblanket4l,mcawthorn4l,I'll be there in 5 minutes.,5/25/2023,Visible
167,story,ajiran4m,areyna4m,What's for dinner tonight?,12/2/2023,Not visible
168,story,dpiatkow4n,cheintzsch4n,What's for dinner tonight?,12/10/2023,Not visible
169,message,cstockings4o,fgabbitis4o,Hello,7/26/2023,Not visible
170,message,nthorneloe4p,tbrinkler4p,Hello,11/25/2023,Not visible
171,message,mmacfadzan4q,fdun4q,What's for dinner tonight?,10/15/2023,Not visible
172,message,leckley4r,dlogue4r,Hello,7/14/2023,Not visible
173,story,kdarbyshire4s,amasse4s,What's for dinner tonight?,10/15/2023,Not visible
174,story,udraude4t,reasseby4t,What's for dinner tonight?,12/18/2023,Not visible
175,message,nfidal4u,vjaskiewicz4u,Hello,10/2/2023,Visible
176,story,mrihanek4v,lastall4v,Let's meet at the park.,3/30/2023,Not visible
177,message,rriddles4w,vhammelberg4w,Let's meet at the park.,12/25/2023,Visible
178,story,dtong4x,pbrandli4x,I'll be there in 5 minutes.,9/19/2023,Not visible
179,message,rsimao4y,lwyndham4y,Let's meet at the park.,9/13/2023,Not visible
180,story,qarmsby4z,ppenwell4z,I'll be there in 5 minutes.,6/5/2023,Visible
181,story,grickerd50,dfrossell50,I'll be there in 5 minutes.,4/5/2023,Visible
182,message,gburleigh51,rfifoot51,how are you?,11/7/2023,Visible
183,story,dchadney52,lezele52,What's for dinner tonight?,7/26/2023,Visible
184,message,proset53,bbusst53,I'll be there in 5 minutes.,8/16/2023,Visible
185,story,tcogzell54,araddish54,Let's meet at the park.,12/1/2023,Visible
186,story,emesant55,shertwell55,Let's meet at the park.,11/3/2023,Visible
187,message,ggrute56,sbagniuk56,how are you?,6/27/2023,Visible
188,story,hwait57,mluberto57,Let's meet at the park.,6/2/2023,Visible
189,message,hcissell58,farnauduc58,Hello,10/24/2023,Visible
190,message,odemeis59,jkerans59,Hello,11/26/2023,Visible
191,story,pblanchflower5a,omothersole5a,how are you?,10/9/2023,Not visible
192,message,cbrundell5b,snestle5b,What's for dinner tonight?,12/23/2023,Visible
193,message,lfevers5c,vgiraux5c,how are you?,4/30/2023,Not visible
194,message,fsayre5d,scompford5d,how are you?,1/3/2024,Not visible
195,message,lyurinov5e,nmcgroarty5e,What's for dinner tonight?,9/6/2023,Visible
196,message,sgame5f,pvaszoly5f,how are you?,8/10/2023,Visible
197,story,vfilipponi5g,awindibank5g,how are you?,6/9/2023,Not visible
198,message,vkennerknecht5h,fpakenham5h,how are you?,1/12/2024,Not visible
199,story,mphillcox5i,tstartin5i,I'll be there in 5 minutes.,12/26/2023,Visible
200,message,nlittlemore5j,mtearle5j,Hello,8/30/2023,Visible
201,message,rslemming5k,jflemyng5k,What's for dinner tonight?,2/22/2024,Visible
202,message,jchandler5l,scroysdale5l,Let's meet at the park.,3/11/2023,Not visible
203,message,zruse5m,bfevier5m,how are you?,5/21/2023,Not visible
204,story,mjarman5n,mranyard5n,Let's meet at the park.,9/30/2023,Visible
205,story,echattelaine5o,blongthorne5o,Let's meet at the park.,5/10/2023,Visible
206,message,mhew5p,lgore5p,how are you?,2/17/2024,Visible
207,message,dhens5q,sgoodhay5q,What's for dinner tonight?,5/17/2023,Not visible
208,story,ttinmouth5r,dastlett5r,Hello,4/28/2023,Visible
209,story,cgaroghan5s,pscurr5s,Hello,1/29/2024,Not visible
210,message,ereveley5t,hcasaccio5t,Let's meet at the park.,11/23/2023,Not visible
211,story,ccurnnokk5u,adauber5u,I'll be there in 5 minutes.,8/5/2023,Not visible
212,message,lmcclifferty5v,nmedcalf5v,Hello,5/31/2023,Visible
213,message,asteger5w,cyonnie5w,I'll be there in 5 minutes.,1/24/2024,Visible
214,message,agonnely5x,cfronsek5x,Hello,1/4/2024,Visible
215,story,etremblot5y,redworthy5y,Let's meet at the park.,6/4/2023,Not visible
216,story,tdesesquelle5z,whearle5z,Let's meet at the park.,10/9/2023,Visible
217,story,bgorelli60,twaterman60,I'll be there in 5 minutes.,3/10/2023,Not visible
218,story,tbiaggetti61,slesek61,What's for dinner tonight?,3/12/2023,Not visible
219,message,bwildsmith62,nbeedham62,Hello,7/3/2023,Not visible
220,message,gliverock63,rfrandsen63,Let's meet at the park.,12/28/2023,Not visible
221,message,mpark64,abalducci64,Let's meet at the park.,7/22/2023,Visible
222,story,hmenhci65,vhuddleston65,I'll be there in 5 minutes.,9/23/2023,Not visible
223,message,ajizhaki66,lguyonnet66,how are you?,5/22/2023,Not visible
224,story,lsams67,cportchmouth67,Let's meet at the park.,10/7/2023,Visible
225,story,akroger68,bchristoffersen68,What's for dinner tonight?,1/4/2024,Visible
226,story,dbillanie69,fganter69,I'll be there in 5 minutes.,7/26/2023,Visible
227,message,amcgifford6a,spilpovic6a,I'll be there in 5 minutes.,2/17/2024,Visible
228,story,dbostock6b,hsword6b,Let's meet at the park.,1/9/2024,Not visible
229,story,jlimbert6c,rmclinden6c,Let's meet at the park.,8/16/2023,Not visible
230,story,bcolgan6d,ehenden6d,I'll be there in 5 minutes.,2/3/2024,Visible
231,story,kdjekic6e,slapenna6e,how are you?,8/24/2023,Not visible
232,message,amoxted6f,ascuffham6f,Let's meet at the park.,11/19/2023,Not visible
233,story,dbauld6g,mgreenhill6g,I'll be there in 5 minutes.,4/28/2023,Visible
234,story,eramme6h,tmalter6h,What's for dinner tonight?,10/1/2023,Not visible
235,story,cbeneix6i,wlonnon6i,Hello,6/14/2023,Not visible
236,message,uhanhart6j,cpfeifer6j,I'll be there in 5 minutes.,12/6/2023,Not visible
237,message,npagen6k,lshower6k,What's for dinner tonight?,1/26/2024,Not visible
238,message,hcoysh6l,scorkett6l,how are you?,11/14/2023,Visible
239,message,lbowley6m,dfurnival6m,Let's meet at the park.,4/25/2023,Not visible
240,message,mguy6n,bokell6n,Let's meet at the park.,5/27/2023,Not visible
241,story,tecob6o,abenger6o,how are you?,9/12/2023,Not visible
242,story,gdickerson6p,ecodd6p,how are you?,7/7/2023,Visible
243,story,kseamark6q,tfinnis6q,how are you?,5/19/2023,Visible
244,message,jhofer6r,kstilling6r,Hello,1/24/2024,Visible
245,message,tmeiklem6s,nduigenan6s,how are you?,8/29/2023,Visible
246,message,nepinoy6t,smaxworthy6t,Let's meet at the park.,10/18/2023,Visible
247,story,strump6u,cbrabham6u,I'll be there in 5 minutes.,5/8/2023,Visible
248,message,fhallihane6v,jmepham6v,how are you?,8/10/2023,Visible
249,story,ldeans6w,mbulloch6w,Let's meet at the park.,6/29/2023,Visible
250,story,ssergean6x,bsellar6x,how are you?,2/4/2024,Not visible
251,story,jgeere6y,mpowles6y,Let's meet at the park.,4/5/2023,Not visible
252,message,mwetherell6z,lgillaspy6z,I'll be there in 5 minutes.,10/31/2023,Not visible
253,message,pfarrah70,mschoolcroft70,What's for dinner tonight?,4/27/2023,Visible
254,message,sjuszkiewicz71,kmaypowder71,Let's meet at the park.,3/3/2023,Visible
255,story,clonder72,kkopman72,I'll be there in 5 minutes.,12/24/2023,Not visible
256,story,lcastellani73,owickerson73,Let's meet at the park.,2/10/2024,Visible
257,story,mtow74,wobradain74,I'll be there in 5 minutes.,4/7/2023,Visible
258,message,demons75,pbonifacio75,What's for dinner tonight?,8/21/2023,Visible
259,message,bgoodliffe76,laksell76,What's for dinner tonight?,4/21/2023,Not visible
260,story,dpovall77,ecota77,Hello,12/8/2023,Visible
261,story,bleedal78,mmitrovic78,Hello,6/9/2023,Visible
262,message,mguislin79,vgow79,Hello,9/10/2023,Not visible
263,story,gcheston7a,mjaniszewski7a,Hello,8/3/2023,Visible
264,message,vhowlin7b,bgeeve7b,how are you?,1/21/2024,Not visible
265,message,dcamis7c,hmcgilbon7c,how are you?,3/26/2023,Visible
266,story,bcammiemile7d,raffron7d,I'll be there in 5 minutes.,6/19/2023,Not visible
267,message,cdenisyuk7e,aharrhy7e,I'll be there in 5 minutes.,1/9/2024,Not visible
268,story,jhendrich7f,wfolling7f,Hello,2/10/2024,Visible
269,story,lmcilmorow7g,dtollet7g,Let's meet at the park.,10/3/2023,Not visible
270,story,fbremmell7h,bgallgher7h,how are you?,6/11/2023,Visible
271,message,ddefries7i,mmckilroe7i,how are you?,12/3/2023,Not visible
272,message,apapaminas7j,kborer7j,Let's meet at the park.,9/12/2023,Not visible
273,message,cofinan7k,fguerrazzi7k,Let's meet at the park.,9/19/2023,Visible
274,story,hfilde7l,pstickells7l,Hello,2/20/2024,Visible
275,message,dcolly7m,tglewe7m,Hello,9/2/2023,Visible
276,story,ckenright7n,dmccudden7n,I'll be there in 5 minutes.,2/17/2024,Visible
277,message,mmidden7o,schowne7o,What's for dinner tonight?,8/15/2023,Not visible
278,story,pleyes7p,mpaylor7p,I'll be there in 5 minutes.,12/6/2023,Not visible
279,message,fyate7q,cosboldstone7q,Hello,8/1/2023,Visible
280,story,ehowse7r,ptheakston7r,What's for dinner tonight?,4/2/2023,Visible
281,message,aratlee7s,ewindows7s,I'll be there in 5 minutes.,11/11/2023,Visible
282,message,bdinehart7t,gsodeau7t,Let's meet at the park.,10/26/2023,Visible
283,story,lbenford7u,amulqueen7u,What's for dinner tonight?,3/15/2023,Not visible
284,story,mclapson7v,ecurnok7v,What's for dinner tonight?,5/18/2023,Not visible
285,story,prandlesome7w,cenga7w,I'll be there in 5 minutes.,7/23/2023,Visible
286,story,dmacleese7x,dveelers7x,Let's meet at the park.,9/8/2023,Not visible
287,message,lhaydney7y,vbisterfeld7y,how are you?,6/2/2023,Not visible
288,story,egeorgiades7z,btipperton7z,Let's meet at the park.,11/24/2023,Visible
289,message,lspikins80,ecausbey80,Let's meet at the park.,2/23/2024,Not visible
290,message,pcalvie81,aransbury81,I'll be there in 5 minutes.,7/19/2023,Visible
291,message,swisedale82,vchatterton82,I'll be there in 5 minutes.,5/27/2023,Not visible
292,message,erosenstein83,afoulstone83,Let's meet at the park.,3/4/2023,Not visible
293,message,sczaple84,kesparza84,I'll be there in 5 minutes.,7/31/2023,Not visible
294,message,ddelacroux85,cmarsham85,I'll be there in 5 minutes.,11/15/2023,Visible
295,message,jbunny86,cpatterson86,Let's meet at the park.,2/1/2024,Visible
296,story,prollason87,tonion87,What's for dinner tonight?,11/28/2023,Not visible
297,message,alouedey88,gcorrington88,Let's meet at the park.,10/15/2023,Not visible
298,message,eportugal89,ndeboy89,What's for dinner tonight?,8/20/2023,Not visible
299,story,cducket8a,kmeriel8a,Hello,4/20/2023,Visible
300,story,gnetherclift8b,gvivians8b,Let's meet at the park.,9/25/2023,Visible
301,story,rvallender8c,ntommis8c,how are you?,12/14/2023,Not visible
302,message,mvinson8d,gfruchter8d,I'll be there in 5 minutes.,8/31/2023,Visible
303,story,mczajka8e,ahullah8e,What's for dinner tonight?,7/22/2023,Visible
304,story,jcoom8f,roshea8f,What's for dinner tonight?,10/12/2023,Not visible
305,story,kverbrugghen8g,kmilthorpe8g,Hello,10/17/2023,Not visible
306,story,aswetman8h,tantonik8h,What's for dinner tonight?,6/18/2023,Not visible
307,message,klande8i,esuttie8i,how are you?,2/17/2024,Visible
308,message,fwilloughley8j,akelle8j,Let's meet at the park.,2/6/2024,Visible
309,message,mlamswood8k,clorente8k,I'll be there in 5 minutes.,4/7/2023,Not visible
310,story,cmissington8l,dwordesworth8l,Let's meet at the park.,1/29/2024,Visible
311,message,mjacobi8m,dtyght8m,how are you?,1/4/2024,Not visible
312,message,yspellworth8n,fstonhard8n,Let's meet at the park.,8/30/2023,Visible
313,story,kodonoghue8o,rpiercy8o,Hello,5/3/2023,Not visible
314,message,klatch8p,oloble8p,Hello,3/17/2023,Not visible
315,story,mlowry8q,khouldin8q,Hello,6/25/2023,Not visible
316,message,mfallawe8r,dfelip8r,Hello,7/14/2023,Not visible
317,message,ftague8s,kivchenko8s,I'll be there in 5 minutes.,5/2/2023,Not visible
318,message,awetherburn8t,bbonnier8t,What's for dinner tonight?,1/20/2024,Visible
319,story,jorgan8u,epanswick8u,I'll be there in 5 minutes.,7/21/2023,Visible
320,message,mmaior8v,jhuxster8v,What's for dinner tonight?,5/15/2023,Visible
321,story,jbendall8w,csimon8w,how are you?,8/14/2023,Visible
322,story,ejervis8x,nmacquire8x,I'll be there in 5 minutes.,10/30/2023,Not visible
323,message,jchapleo8y,jduetsche8y,Hello,8/30/2023,Visible
324,story,lbignold8z,wwhitmell8z,Hello,7/23/2023,Visible
325,story,vmarzellano90,bcondie90,Let's meet at the park.,1/29/2024,Not visible
326,story,mfealey91,hrustedge91,Hello,8/20/2023,Not visible
327,story,jmollon92,kswindells92,Let's meet at the park.,5/3/2023,Visible
328,story,wyouel93,rsorsbie93,I'll be there in 5 minutes.,3/24/2023,Not visible
329,message,btamas94,aattride94,I'll be there in 5 minutes.,5/18/2023,Visible
330,message,cshallow95,sponsford95,Let's meet at the park.,1/10/2024,Visible
331,story,swillgoss96,anegro96,What's for dinner tonight?,7/18/2023,Not visible
332,message,hhanaford97,jpear97,I'll be there in 5 minutes.,10/7/2023,Not visible
333,message,rskellen98,agorse98,how are you?,5/17/2023,Not visible
334,message,ttixier99,tpemberton99,Let's meet at the park.,10/6/2023,Visible
335,message,kmulhill9a,cpiddletown9a,What's for dinner tonight?,7/22/2023,Not visible
336,message,gcreeber9b,ebeach9b,What's for dinner tonight?,12/23/2023,Not visible
337,story,sculwen9c,dstannas9c,Let's meet at the park.,9/7/2023,Not visible
338,message,fheap9d,eseligson9d,how are you?,4/30/2023,Visible
339,message,cfettes9e,dreina9e,I'll be there in 5 minutes.,9/1/2023,Visible
340,message,enarracott9f,agatty9f,how are you?,11/24/2023,Visible
341,story,hpoundford9g,cscudamore9g,Let's meet at the park.,1/27/2024,Visible
342,message,awrotchford9h,olamdin9h,What's for dinner tonight?,2/24/2024,Not visible
343,story,afosken9i,hcockroft9i,I'll be there in 5 minutes.,1/29/2024,Not visible
344,message,swhitcher9j,djosipovitz9j,What's for dinner tonight?,8/4/2023,Visible
345,story,dvinck9k,hbolesma9k,What's for dinner tonight?,1/20/2024,Not visible
346,message,lraisbeck9l,emccloy9l,What's for dinner tonight?,8/2/2023,Not visible
347,message,cbalharrie9m,bgossan9m,how are you?,6/24/2023,Not visible
348,message,svasilenko9n,bmoyle9n,how are you?,10/15/2023,Not visible
349,story,gblackadder9o,vblainey9o,Let's meet at the park.,8/20/2023,Visible
350,message,eboddam9p,ccunniam9p,Hello,9/9/2023,Visible
351,message,lchislett9q,gprettyjohns9q,What's for dinner tonight?,10/6/2023,Not visible
352,story,wgostling9r,gwarlowe9r,I'll be there in 5 minutes.,4/24/2023,Not visible
353,story,sderle9s,xmarquiss9s,Let's meet at the park.,3/18/2023,Visible
354,message,amixhel9t,showles9t,What's for dinner tonight?,12/27/2023,Not visible
355,story,eottam9u,aambrozik9u,Hello,3/17/2023,Visible
356,story,dcharlewood9v,bdagostini9v,how are you?,11/21/2023,Not visible
357,message,lpeaddie9w,cfritzer9w,Hello,2/19/2024,Not visible
358,message,dgilderoy9x,tbuckberry9x,I'll be there in 5 minutes.,12/25/2023,Not visible
359,message,ghodgon9y,lrogan9y,how are you?,12/18/2023,Not visible
360,message,ksherreard9z,tsabattier9z,Hello,2/21/2024,Not visible
361,message,cahearnea0,mtunstalla0,Hello,3/30/2023,Not visible
362,message,wbradberrya1,lkamena1,Let's meet at the park.,9/1/2023,Not visible
363,message,wreignoldsa2,nbrunettia2,I'll be there in 5 minutes.,5/15/2023,Visible
364,message,rfinbya3,gmilnea3,how are you?,7/2/2023,Not visible
365,story,hmacqueena4,gholtuma4,What's for dinner tonight?,2/5/2024,Visible
366,message,jhunnawilla5,sflecknoea5,I'll be there in 5 minutes.,12/24/2023,Not visible
367,message,gmoulea6,mcrakea6,how are you?,9/1/2023,Not visible
368,message,ithomasena7,hbathera7,how are you?,11/15/2023,Not visible
369,message,dfeachama8,dsitforda8,how are you?,10/13/2023,Not visible
370,story,dlegana9,mdewinga9,I'll be there in 5 minutes.,12/2/2023,Not visible
371,story,moakebyaa,mlehreraa,I'll be there in 5 minutes.,9/16/2023,Not visible
372,message,wblumfieldab,gharrodab,how are you?,7/24/2023,Not visible
373,story,lstockauac,amcgorleyac,Let's meet at the park.,6/20/2023,Visible
374,story,jsissensad,kcreamenad,Let's meet at the park.,10/17/2023,Visible
375,story,aerleyae,kfansyae,What's for dinner tonight?,11/18/2023,Not visible
376,story,zmurisonaf,jcrosgroveaf,Let's meet at the park.,9/29/2023,Not visible
377,message,bdanigelag,rcracoeag,Let's meet at the park.,4/10/2023,Not visible
378,message,qhucksteppah,bhaddickah,Hello,2/19/2024,Not visible
379,message,jvanderwaltai,vewbankeai,What's for dinner tonight?,9/30/2023,Not visible
380,story,frackstrawaj,gwhickmanaj,Let's meet at the park.,4/4/2023,Visible
381,message,eachurchak,methertonak,I'll be there in 5 minutes.,2/18/2024,Not visible
382,story,riacapuccial,rpadgettal,how are you?,9/6/2023,Visible
383,message,jadamolliam,nfoyam,how are you?,4/29/2023,Visible
384,story,froddaan,pmcmurtyan,how are you?,3/11/2023,Not visible
385,message,memmerao,rmilingtonao,What's for dinner tonight?,2/25/2024,Visible
386,message,lmayouap,daddisonap,how are you?,6/24/2023,Visible
387,story,lhealaq,hcalveyaq,Let's meet at the park.,1/2/2024,Visible
388,story,gvallensar,ctenbroekar,how are you?,8/16/2023,Not visible
389,story,kmablesonas,bclaxsonas,Let's meet at the park.,5/31/2023,Visible
390,message,mtrainorat,rmulchroneat,Hello,5/8/2023,Visible
391,story,tcurtainau,acreedau,Let's meet at the park.,6/11/2023,Not visible
392,story,krubinshteinav,gflewittav,I'll be there in 5 minutes.,11/29/2023,Visible
393,story,afenningaw,abecksaw,how are you?,9/25/2023,Visible
394,message,blockleyax,gingonax,What's for dinner tonight?,9/19/2023,Not visible
395,message,rvaneyay,cemanuelliay,Let's meet at the park.,2/27/2024,Visible
396,story,tharesnaipaz,tnareaz,I'll be there in 5 minutes.,3/4/2023,Not visible
397,story,phurdissb0,wpursgloveb0,Hello,4/1/2023,Visible
398,message,ebenedettinib1,lsooperb1,how are you?,3/6/2023,Visible
399,story,hkondratovichb2,earbuckleb2,Let's meet at the park.,5/7/2023,Visible
400,message,epalkb3,igameb3,Let's meet at the park.,5/25/2023,Visible
401,story,scapinib4,hakermanb4,What's for dinner tonight?,2/20/2024,Not visible
402,story,gspilsburyb5,arozzierb5,What's for dinner tonight?,2/21/2024,Not visible
403,message,rjoesburyb6,amccritchieb6,I'll be there in 5 minutes.,9/18/2023,Visible
404,message,afarncombeb7,jcanlinb7,What's for dinner tonight?,2/15/2024,Not visible
405,message,imaccardleb8,mstearneb8,how are you?,6/26/2023,Visible
406,message,gyockneyb9,rscoffinsb9,Hello,12/30/2023,Visible
407,message,fworrillba,qswabyba,how are you?,8/16/2023,Not visible
408,message,tfrankebb,ncornboroughbb,I'll be there in 5 minutes.,10/18/2023,Not visible
409,story,knanobc,dshottonbc,What's for dinner tonight?,7/29/2023,Visible
410,story,egodonbd,nbryettbd,What's for dinner tonight?,11/16/2023,Not visible
411,message,mracciobe,dogarabe,I'll be there in 5 minutes.,10/29/2023,Not visible
412,story,hwhiskinbf,tizatsonbf,Let's meet at the park.,5/20/2023,Visible
413,message,ctynebg,jbowcockbg,Hello,10/23/2023,Not visible
414,message,kgasperobh,ccasarolibh,What's for dinner tonight?,3/19/2023,Not visible
415,story,grosewallbi,kmilchbi,how are you?,1/15/2024,Not visible
416,message,kdickingsbj,pchaffbj,I'll be there in 5 minutes.,1/17/2024,Not visible
417,message,dlambinbk,sbeyerbk,Hello,11/22/2023,Not visible
418,message,fdonettbl,mlacroutzbl,Let's meet at the park.,8/31/2023,Not visible
419,story,amelsomebm,dmckinnonbm,I'll be there in 5 minutes.,5/25/2023,Not visible
420,message,gpaullbn,dvancasselbn,Hello,11/29/2023,Visible
421,story,ucrottaghbo,tbazochebo,Hello,9/24/2023,Visible
422,story,sdirobertobp,sdinehartbp,What's for dinner tonight?,8/3/2023,Not visible
423,message,glieberbq,cshepherdbq,What's for dinner tonight?,4/28/2023,Visible
424,message,tdawidowitzbr,sellsombr,I'll be there in 5 minutes.,12/29/2023,Not visible
425,story,ckyllfordbs,hsyfaxbs,I'll be there in 5 minutes.,2/1/2024,Visible
426,story,fedonbt,psudlowbt,Let's meet at the park.,12/29/2023,Visible
427,message,nbillsberrybu,bholmesbu,I'll be there in 5 minutes.,5/24/2023,Not visible
428,story,eladbrookebv,wbevissbv,What's for dinner tonight?,9/10/2023,Visible
429,message,hkitchensidebw,jferrarinbw,Hello,1/20/2024,Visible
430,story,lfidellbx,ccolebrookbx,I'll be there in 5 minutes.,8/18/2023,Not visible
431,story,gelceby,jaskeyby,Hello,9/11/2023,Not visible
432,message,maugustinebz,zgundersonbz,how are you?,7/24/2023,Not visible
433,story,htamplingc0,tcheleyc0,I'll be there in 5 minutes.,2/13/2024,Visible
434,story,eyezafovichc1,ldoughtyc1,Let's meet at the park.,4/12/2023,Not visible
435,story,cakermanc2,rleefec2,Hello,6/29/2023,Not visible
436,story,krammc3,wculhamc3,What's for dinner tonight?,7/18/2023,Visible
437,story,gsymperc4,apaydonc4,Hello,10/10/2023,Not visible
438,story,cgibbc5,ehannabussc5,What's for dinner tonight?,2/3/2024,Visible
439,story,cspearsc6,gmessamc6,Hello,1/21/2024,Visible
440,story,dsybbec7,wrisingc7,I'll be there in 5 minutes.,6/8/2023,Not visible
441,message,wneliusc8,bosiaghailc8,I'll be there in 5 minutes.,4/14/2023,Not visible
442,message,narundelc9,lliverockc9,I'll be there in 5 minutes.,6/14/2023,Not visible
443,message,jhullettca,dcarrackca,Let's meet at the park.,5/2/2023,Visible
444,message,afreemancb,kburwellcb,I'll be there in 5 minutes.,3/12/2023,Not visible
445,message,ehampsteadcc,cclilverdcc,how are you?,3/8/2023,Visible
446,story,vmitrocd,kjacqueminetcd,Let's meet at the park.,3/30/2023,Visible
447,story,fkilshawce,eavesonce,I'll be there in 5 minutes.,7/30/2023,Not visible
448,message,aklosscf,pcusworthcf,I'll be there in 5 minutes.,1/26/2024,Not visible
449,message,roldakercg,ocrunkhorncg,What's for dinner tonight?,10/9/2023,Visible
450,message,anormanch,jgarmsch,Let's meet at the park.,8/1/2023,Not visible
451,story,cdowkerci,mpenningtonci,I'll be there in 5 minutes.,1/11/2024,Not visible
452,story,gmoylanecj,mstrasscj,how are you?,1/5/2024,Visible
453,message,croakeck,jkayesck,Hello,11/11/2023,Not visible
454,story,acullumcl,dhawksleecl,how are you?,3/26/2023,Not visible
455,message,gcoggingscm,wspaffordcm,Let's meet at the park.,9/15/2023,Visible
456,story,amarrecn,dlondsdalecn,What's for dinner tonight?,11/28/2023,Visible
457,message,hdrysdaleco,sludvigsenco,I'll be there in 5 minutes.,3/24/2023,Not visible
458,message,fwattamcp,hfranchicp,Let's meet at the park.,8/27/2023,Visible
459,message,jsammarscq,glidellcq,What's for dinner tonight?,12/27/2023,Visible
460,story,cpayncr,gbundycr,how are you?,6/25/2023,Visible
461,story,gridgewellcs,gdanfordcs,Hello,1/2/2024,Not visible
462,story,dduiganct,blamblect,Let's meet at the park.,3/2/2024,Not visible
463,story,mhayecu,areariecu,how are you?,11/28/2023,Not visible
464,story,acaberacv,amacmeartycv,Let's meet at the park.,1/24/2024,Not visible
465,story,vmattiatocw,ubarrittcw,Hello,12/8/2023,Visible
466,story,rburnhamscx,rspittlescx,Let's meet at the park.,3/1/2024,Visible
467,message,clockartcy,fouvercy,Let's meet at the park.,12/22/2023,Visible
468,story,vleebettercz,csevittcz,Let's meet at the park.,8/12/2023,Not visible
469,story,lhannad0,rmatkind0,I'll be there in 5 minutes.,9/22/2023,Visible
470,story,ibuscombed1,lwardeld1,how are you?,1/12/2024,Visible
471,message,estebbinsd2,rdunsmored2,I'll be there in 5 minutes.,4/4/2023,Visible
472,story,rmundwelld3,jmaddicksd3,how are you?,1/31/2024,Visible
473,message,lmckillopd4,hsyncked4,I'll be there in 5 minutes.,1/25/2024,Visible
474,story,pcollerdd5,lguillotond5,Let's meet at the park.,2/27/2024,Not visible
475,story,gdellard6,bfulld6,Hello,6/15/2023,Visible
476,story,nneesamd7,wcocklied7,how are you?,6/9/2023,Visible
477,message,iraould8,cgoodfellowed8,What's for dinner tonight?,2/12/2024,Visible
478,story,jcribbind9,cvirgind9,how are you?,4/27/2023,Not visible
479,story,etomasonida,cgoscarda,Hello,12/21/2023,Not visible
480,message,dstilldaledb,rcruxtondb,I'll be there in 5 minutes.,6/20/2023,Not visible
481,message,sblackalldc,ncleminshawdc,What's for dinner tonight?,4/3/2023,Visible
482,message,htremainedd,cmairdd,Hello,6/21/2023,Not visible
483,message,wmatyasikde,aheinode,Let's meet at the park.,5/21/2023,Not visible
484,story,vlambdindf,gchorleydf,I'll be there in 5 minutes.,10/1/2023,Visible
485,story,emackrilldg,cmargerydg,Hello,6/14/2023,Visible
486,message,adifranceshcidh,apawlickdh,Let's meet at the park.,8/10/2023,Visible
487,message,hcochranedi,lfarmerdi,Hello,10/12/2023,Not visible
488,story,fedendj,apesterdj,What's for dinner tonight?,12/27/2023,Not visible
489,story,phowsindk,ttabrettdk,Hello,2/12/2024,Not visible
490,message,etumayandl,kcarnoghandl,how are you?,3/8/2023,Not visible
491,message,pwaddoupsdm,kduchesnedm,I'll be there in 5 minutes.,8/21/2023,Not visible
492,story,dnoelldn,handreinidn,What's for dinner tonight?,4/15/2023,Not visible
493,story,gfairndo,echittydo,how are you?,8/21/2023,Not visible
494,message,reededp,nfleisdp,how are you?,5/13/2023,Not visible
495,story,druddelldq,eubsdelldq,how are you?,5/5/2023,Not visible
496,story,ldellcasadr,tjandeldr,What's for dinner tonight?,12/23/2023,Visible
497,message,lhaggatads,btiernyds,Hello,3/4/2023,Not visible
498,story,alithgowdt,lbradnumdt,Let's meet at the park.,2/14/2024,Not visible
499,story,rpassiedu,aorfeurdu,Let's meet at the park.,12/21/2023,Visible
500,message,tsandercockdv,ceggletondv,I'll be there in 5 minutes.,10/1/2023,Not visible
501,story,meseldw,mmordydw,What's for dinner tonight?,11/9/2023,Visible
502,story,shalsteaddx,vcappsdx,how are you?,7/30/2023,Not visible
503,message,cfretterdy,hgillattdy,I'll be there in 5 minutes.,3/17/2023,Not visible
504,story,bspawelldz,cjonssondz,I'll be there in 5 minutes.,1/29/2024,Visible
505,story,ahartfielde0,sibbesone0,how are you?,6/5/2023,Not visible
506,message,igoundsye1,tmortimere1,Let's meet at the park.,10/28/2023,Not visible
507,story,voertzene2,aguyse2,Let's meet at the park.,8/4/2023,Visible
508,story,lgashe3,adanhele3,how are you?,12/5/2023,Not visible
509,story,dnoltone4,dspauntone4,What's for dinner tonight?,5/30/2023,Not visible
510,message,gleguine5,ocroote5,Hello,8/11/2023,Visible
511,message,rpeschkee6,glowethe6,how are you?,4/17/2023,Not visible
512,story,ahazeldeane7,riacovaccioe7,Let's meet at the park.,11/3/2023,Visible
513,story,bwraggee8,atidgewelle8,Hello,10/22/2023,Visible
514,message,kmaffine9,iconcannone9,Hello,2/18/2024,Not visible
515,story,cnortonea,kkemwallea,Let's meet at the park.,10/2/2023,Not visible
516,story,tohaganeb,ctredinnickeb,Let's meet at the park.,10/29/2023,Not visible
517,message,kbenoitonec,fpriceec,I'll be there in 5 minutes.,4/27/2023,Visible
518,message,csaltreseed,kzanicchellied,Hello,3/13/2023,Not visible
519,message,meckelsee,jaustinee,What's for dinner tonight?,5/25/2023,Visible
520,message,rbernardoef,bramsbyef,What's for dinner tonight?,9/14/2023,Visible
521,story,tostricheg,zfraziereg,Hello,6/19/2023,Visible
522,story,jmakeswelleh,sdengateeh,Let's meet at the park.,3/20/2023,Not visible
523,story,aoclearyei,lrehnei,I'll be there in 5 minutes.,1/8/2024,Visible
524,story,cgunnerej,prushmereej,Hello,11/26/2023,Visible
525,story,jdunseathek,mrandsek,how are you?,10/23/2023,Visible
526,story,nlammasel,bdeverilel,I'll be there in 5 minutes.,1/17/2024,Visible
527,message,lfleemingem,pneliganem,Hello,6/4/2023,Not visible
528,story,vwagenen,ocarilloen,I'll be there in 5 minutes.,1/19/2024,Visible
529,message,sawcoateeo,adankoeo,Hello,3/4/2023,Not visible
530,message,arisbyep,pdimaggioep,I'll be there in 5 minutes.,11/13/2023,Not visible
531,message,kstquenineq,ahaneq,I'll be there in 5 minutes.,4/10/2023,Not visible
532,story,boreganer,lantonijevicer,Hello,2/11/2024,Not visible
533,message,cpellantes,hseifes,Hello,3/14/2023,Visible
534,story,tdodellet,jgethouseet,how are you?,5/29/2023,Visible
535,story,jportameu,nbrinicombeeu,I'll be there in 5 minutes.,8/23/2023,Visible
536,story,jcannerev,wpirazziev,I'll be there in 5 minutes.,11/5/2023,Not visible
537,story,jshovelbottomew,pwilliamew,Let's meet at the park.,8/4/2023,Not visible
538,message,sbennettoex,cmacmenamyex,Hello,10/13/2023,Visible
539,story,afuscoey,tlambdoney,Hello,7/29/2023,Visible
540,story,odimitriadesez,gmcilennaez,Let's meet at the park.,1/3/2024,Not visible
541,message,lbedomef0,kboramf0,What's for dinner tonight?,1/4/2024,Not visible
542,message,cgoulleef1,djacobsonf1,I'll be there in 5 minutes.,1/8/2024,Visible
543,message,hcaldeyrouxf2,sbendinf2,What's for dinner tonight?,6/3/2023,Not visible
544,story,spoulgreenf3,yaustwickf3,Let's meet at the park.,5/10/2023,Not visible
545,message,nglasardf4,rmuatf4,What's for dinner tonight?,8/16/2023,Visible
546,story,tscotchmerf5,geliassenf5,how are you?,8/11/2023,Not visible
547,message,ebattabeef6,bosmondf6,What's for dinner tonight?,9/11/2023,Not visible
548,story,aokif7,mgiannif7,Hello,9/11/2023,Not visible
549,message,dfrancef8,ibloyf8,What's for dinner tonight?,6/25/2023,Not visible
550,story,jelfef9,bmaseykf9,Let's meet at the park.,2/24/2024,Visible
551,message,rwainmanfa,rparmanfa,how are you?,1/23/2024,Not visible
552,message,cchristiensenfb,cunderhillfb,Hello,6/10/2023,Visible
553,story,tclotworthyfc,iweaversfc,Hello,8/2/2023,Not visible
554,story,hbartomeufd,caindraisfd,Hello,1/17/2024,Not visible
555,message,ylumsdalefe,dsabbinfe,how are you?,4/3/2023,Visible
556,message,ndanaff,sfirebraceff,What's for dinner tonight?,7/12/2023,Visible
557,message,mhafnerfg,amunroefg,Hello,9/15/2023,Not visible
558,message,mbaulcombefh,lickovitsfh,I'll be there in 5 minutes.,4/3/2023,Visible
559,story,rwestbrookfi,ecaesmanfi,Let's meet at the park.,12/26/2023,Visible
560,story,aechaliefj,awormsfj,Let's meet at the park.,5/25/2023,Visible
561,message,wnewlovefk,hchaneyfk,What's for dinner tonight?,4/20/2023,Visible
562,story,hchismanfl,crosettifl,Let's meet at the park.,3/24/2023,Not visible
563,story,llambrookfm,vperhamfm,how are you?,12/31/2023,Visible
564,story,sweatherupfn,kpidgeleyfn,Hello,3/2/2024,Not visible
565,message,feadesfo,lkinkadefo,I'll be there in 5 minutes.,10/29/2023,Visible
566,message,bcaulderfp,mcamoisfp,What's for dinner tonight?,3/1/2024,Visible
567,message,alegginfq,bbowringfq,I'll be there in 5 minutes.,11/17/2023,Visible
568,story,fcatofr,misakssonfr,Hello,4/16/2023,Visible
569,story,jmontfordfs,cwiltsherfs,I'll be there in 5 minutes.,9/18/2023,Visible
570,story,akinsonft,jstoutherft,Let's meet at the park.,7/13/2023,Visible
571,message,rhillumfu,akermathfu,how are you?,2/14/2024,Visible
572,story,mburdekinfv,mjandakfv,Let's meet at the park.,1/9/2024,Visible
573,message,pmaliffefw,cruddyfw,Let's meet at the park.,10/28/2023,Not visible
574,story,hthayrefx,tbiancofx,Hello,10/5/2023,Not visible
575,story,mbroddlefy,kplaunchfy,I'll be there in 5 minutes.,10/6/2023,Visible
576,story,lkramerfz,dyurinovfz,I'll be there in 5 minutes.,5/17/2023,Visible
577,story,pmathivetg0,iiacivellig0,how are you?,11/21/2023,Visible
578,story,gnoblesg1,gcanetg1,Hello,9/8/2023,Visible
579,story,slearmondg2,dwitherbedg2,I'll be there in 5 minutes.,3/6/2023,Not visible
580,message,mbarnardog3,rclubbeg3,What's for dinner tonight?,9/18/2023,Visible
581,message,gteodorog4,cterbruggeng4,Let's meet at the park.,1/2/2024,Visible
582,story,screebog5,lipwellg5,I'll be there in 5 minutes.,6/23/2023,Not visible
583,message,rcastg6,mgiraudyg6,how are you?,2/9/2024,Visible
584,story,edowg7,ndoneg7,I'll be there in 5 minutes.,8/5/2023,Not visible
585,message,xpaydong8,hspaveng8,how are you?,1/15/2024,Visible
586,story,lduryg9,zmcaleesg9,Hello,2/14/2024,Visible
587,story,pdalzielga,astigellga,Hello,4/25/2023,Not visible
588,story,ovedenichevgb,atomczykowskigb,I'll be there in 5 minutes.,1/14/2024,Visible
589,story,edavidsohngc,pbarrandgc,I'll be there in 5 minutes.,10/9/2023,Visible
590,message,cmckeggiegd,uratleygd,What's for dinner tonight?,4/5/2023,Not visible
591,message,bhinstockge,cwilsonge,Let's meet at the park.,8/31/2023,Not visible
592,story,sbrimicombegf,cpullargf,Let's meet at the park.,4/13/2023,Not visible
593,message,resbrookgg,jcolliegg,Let's meet at the park.,7/19/2023,Visible
594,message,aberrickgh,wogreadygh,I'll be there in 5 minutes.,7/30/2023,Visible
595,message,tpinkgi,cwallentingi,how are you?,6/16/2023,Visible
596,message,nboundsgj,ngoodengj,I'll be there in 5 minutes.,1/22/2024,Not visible
597,story,bsollisgk,hfeethamgk,how are you?,11/19/2023,Visible
598,story,tpickgl,clearmondgl,Let's meet at the park.,2/28/2024,Not visible
599,message,iscrippsgm,ueustacegm,how are you?,2/20/2024,Not visible
600,message,jpachmanngn,ggeckgn,What's for dinner tonight?,6/5/2023,Visible
601,message,lsangstergo,kmcleesego,What's for dinner tonight?,1/8/2024,Not visible
602,message,twhaymangp,ayeldinggp,I'll be there in 5 minutes.,11/26/2023,Not visible
603,message,tgreschgq,cizakgq,Let's meet at the park.,4/23/2023,Not visible
604,story,bversongr,kizhakovgr,how are you?,8/11/2023,Visible
605,message,dvigersgs,sboyesgs,I'll be there in 5 minutes.,8/25/2023,Not visible
606,message,dcutfordgt,lemblemgt,how are you?,3/24/2023,Visible
607,message,nmcdougaldgu,kribbensgu,Hello,9/21/2023,Not visible
608,message,lbartoschgv,gcoomergv,I'll be there in 5 minutes.,10/11/2023,Visible
609,story,iblankenshipgw,dquiddintongw,I'll be there in 5 minutes.,10/5/2023,Visible
610,story,kcheesmangx,aelderkingx,What's for dinner tonight?,3/10/2023,Visible
611,story,acorwoodgy,adrysdellgy,Hello,5/18/2023,Visible
612,story,ftanslygz,dfarlanegz,I'll be there in 5 minutes.,7/2/2023,Not visible
613,message,gshayesh0,dmathieh0,Hello,11/2/2023,Not visible
614,story,hzisnerosh1,hweatherleyh1,I'll be there in 5 minutes.,12/27/2023,Not visible
615,message,cwheldonh2,lharcarseh2,Hello,7/6/2023,Not visible
616,story,bphillpoth3,tmcmoyerh3,Hello,12/17/2023,Visible
617,message,rvanyukovh4,csanjah4,how are you?,5/30/2023,Not visible
618,message,ebaudainsh5,amarloweh5,Hello,3/29/2023,Not visible
619,message,kdamanth6,amauroh6,Hello,4/4/2023,Not visible
620,message,bstandallh7,nsherah7,Hello,9/16/2023,Not visible
621,message,gsalzbergh8,saymerichh8,I'll be there in 5 minutes.,3/18/2023,Visible
622,story,mgoldingh9,tmarunchakh9,how are you?,4/15/2023,Visible
623,message,mrisdallha,bfillaryha,Let's meet at the park.,5/5/2023,Not visible
624,story,spappshb,dchatainierhb,Hello,11/8/2023,Not visible
625,message,mgentrichc,mexonhc,Let's meet at the park.,3/8/2023,Not visible
626,story,kharryhd,eshaftohd,What's for dinner tonight?,9/11/2023,Visible
627,message,gshelbornehe,cstraffordhe,I'll be there in 5 minutes.,2/6/2024,Not visible
628,story,lromanhf,msirethf,I'll be there in 5 minutes.,11/9/2023,Visible
629,story,amacellenhg,abarenskihg,What's for dinner tonight?,3/21/2023,Not visible
630,story,bbagnellhh,aallainhh,how are you?,7/6/2023,Visible
631,story,fpetrulishi,sphillimorehi,What's for dinner tonight?,4/12/2023,Visible
632,message,jleefehj,hgeallehj,What's for dinner tonight?,2/2/2024,Visible
633,message,kbartahk,kgullefordhk,Hello,1/14/2024,Visible
634,message,vspraggshl,nlevitthl,Let's meet at the park.,5/14/2023,Visible
635,story,yblawhm,dferraohm,What's for dinner tonight?,3/18/2023,Visible
636,story,ubuckthoughthn,cfurbyhn,Hello,6/11/2023,Not visible
637,story,acatterallho,npapworthho,What's for dinner tonight?,8/3/2023,Not visible
638,message,jborchardthp,brandaleshp,how are you?,3/20/2023,Not visible
639,story,obernardohq,hfinkhq,Hello,3/16/2023,Visible
640,story,brockcliffehr,bsammarshr,What's for dinner tonight?,7/13/2023,Visible
641,story,wbrockinghs,ksherhs,What's for dinner tonight?,3/6/2023,Visible
642,message,gwensleyht,astriblinght,What's for dinner tonight?,4/24/2023,Visible
643,story,dofogartyhu,pshevlanehu,I'll be there in 5 minutes.,1/10/2024,Not visible
644,message,cmaccaighv,veichelerhv,Hello,11/5/2023,Visible
645,message,gvittorihw,bfourmanhw,how are you?,2/21/2024,Visible
646,story,lcleavehx,dcrombiehx,I'll be there in 5 minutes.,1/13/2024,Visible
647,message,jgunnyhy,hstandellhy,Hello,1/8/2024,Not visible
648,story,ssavouryhz,nkembryhz,how are you?,1/23/2024,Not visible
649,message,rmasedoni0,cflavertyi0,how are you?,11/23/2023,Not visible
650,story,mwebbei1,omattissoni1,Hello,11/17/2023,Not visible
651,story,pbatchelouri2,lgeikiei2,Hello,5/10/2023,Visible
652,story,gbacksali3,rwitti3,how are you?,2/19/2024,Not visible
653,story,rstuttmani4,rouryi4,Let's meet at the park.,11/6/2023,Not visible
654,story,mbendtseni5,jvolkesi5,I'll be there in 5 minutes.,8/15/2023,Not visible
655,message,wbubbeari6,rkelleheri6,how are you?,5/7/2023,Not visible
656,story,wcooksleyi7,kbretti7,What's for dinner tonight?,8/13/2023,Visible
657,story,jwhyatti8,yeshelbyi8,Let's meet at the park.,6/19/2023,Not visible
658,message,mkeareyi9,trodgersi9,What's for dinner tonight?,10/7/2023,Visible
659,message,pbothbieia,dsparrowhawkia,Hello,1/13/2024,Visible
660,story,jleelib,fbloxlandib,What's for dinner tonight?,6/7/2023,Not visible
661,story,llanegranic,otreadwellic,how are you?,8/8/2023,Visible
662,message,lbreslandid,mswatheridgeid,I'll be there in 5 minutes.,7/9/2023,Visible
663,message,dtumbridgeie,marckollie,Hello,12/22/2023,Visible
664,message,ldarrelif,bgayeif,Hello,2/26/2024,Not visible
665,story,bturnorig,dgumbleyig,What's for dinner tonight?,9/15/2023,Visible
666,message,gmostinih,pjowlingih,What's for dinner tonight?,6/12/2023,Visible
667,message,snotleyii,okubicaii,I'll be there in 5 minutes.,10/5/2023,Not visible
668,story,gurlinij,bhannaij,What's for dinner tonight?,5/21/2023,Visible
669,story,jugoniik,iartusik,I'll be there in 5 minutes.,8/1/2023,Not visible
670,story,apesicil,frossonil,Let's meet at the park.,3/18/2023,Not visible
671,message,fkitchingmanim,cwarcopim,Let's meet at the park.,12/18/2023,Not visible
672,story,agoodsellin,hickovin,What's for dinner tonight?,8/14/2023,Not visible
673,message,jspinnaceio,dguionio,Hello,9/19/2023,Not visible
674,story,primmingtonip,ccogdellip,Hello,12/28/2023,Not visible
675,message,wblaszczykiq,jlengthorniq,I'll be there in 5 minutes.,10/19/2023,Not visible
676,story,ctullyir,dtookerir,Let's meet at the park.,12/7/2023,Visible
677,story,cyakuntzovis,glylesis,I'll be there in 5 minutes.,1/30/2024,Visible
678,story,ewilkinsonit,bmccloudit,Let's meet at the park.,12/20/2023,Visible
679,story,doriginiu,lmasteriu,I'll be there in 5 minutes.,10/24/2023,Visible
680,story,bdranfieldiv,dthorleyiv,I'll be there in 5 minutes.,11/17/2023,Visible
681,story,ihigfordiw,tparkeiw,Let's meet at the park.,10/7/2023,Visible
682,message,atackettix,dlodeix,how are you?,10/16/2023,Not visible
683,story,wfrayniy,dtwaitsiy,What's for dinner tonight?,4/16/2023,Not visible
684,story,lthreadgilliz,lmcindoeiz,I'll be there in 5 minutes.,7/11/2023,Not visible
685,story,ipevrealj0,jlinkj0,What's for dinner tonight?,1/15/2024,Visible
686,message,lhelversenj1,gscreetonj1,What's for dinner tonight?,11/12/2023,Visible
687,story,ddumpletonj2,vdashwoodj2,I'll be there in 5 minutes.,7/16/2023,Visible
688,message,halmondj3,aiacivellij3,Hello,2/15/2024,Visible
689,story,sjagelsj4,qtomovicj4,What's for dinner tonight?,6/12/2023,Not visible
690,story,poshielsj5,trillattj5,What's for dinner tonight?,7/30/2023,Visible
691,story,epaullinj6,dglasermanj6,how are you?,1/14/2024,Not visible
692,story,jbompasj7,devansonj7,What's for dinner tonight?,1/28/2024,Not visible
693,story,ceppersonj8,ecorhardj8,I'll be there in 5 minutes.,8/4/2023,Not visible
694,story,kpoynserj9,mluebbertj9,What's for dinner tonight?,10/19/2023,Visible
695,story,sserrisja,mharrieja,I'll be there in 5 minutes.,1/23/2024,Visible
696,message,mrawnejb,blabajb,What's for dinner tonight?,3/5/2023,Visible
697,story,sdecrusejc,dathowjc,I'll be there in 5 minutes.,11/22/2023,Not visible
698,message,mpetrukjd,eeschalettejd,how are you?,2/28/2024,Not visible
699,message,jocrevanje,cstephenje,I'll be there in 5 minutes.,12/24/2023,Not visible
700,message,dgottsjf,rollettjf,how are you?,7/10/2023,Not visible
701,message,cescottjg,lpoyserjg,I'll be there in 5 minutes.,11/13/2023,Not visible
702,message,bgullbergjh,mnicklessjh,What's for dinner tonight?,2/19/2024,Not visible
703,message,gdawleyji,tdixeyji,how are you?,1/20/2024,Not visible
704,story,cdrennanjj,lclutterhamjj,What's for dinner tonight?,4/13/2023,Not visible
705,message,rwormaldjk,wblazynskijk,I'll be there in 5 minutes.,12/18/2023,Visible
706,message,kletixierjl,tgutowskijl,I'll be there in 5 minutes.,6/16/2023,Visible
707,story,mhightonjm,fdallingjm,I'll be there in 5 minutes.,12/20/2023,Visible
708,message,ldruryjn,gtremathackjn,I'll be there in 5 minutes.,6/17/2023,Not visible
709,message,ptheodorisjo,lpiattojo,Let's meet at the park.,4/11/2023,Visible
710,story,sbrokerjp,kdwanejp,Let's meet at the park.,5/18/2023,Visible
711,story,omitchinerjq,dmyrtlejq,What's for dinner tonight?,3/25/2023,Visible
712,story,kkenderjr,mgaleajr,Hello,12/16/2023,Not visible
713,message,cmarquandjs,ballenderjs,Let's meet at the park.,1/23/2024,Visible
714,message,rhinerjt,ralexanderjt,how are you?,5/7/2023,Visible
715,story,lraseju,gelcomeju,I'll be there in 5 minutes.,1/4/2024,Not visible
716,story,fyeomanjv,aoldcotejv,I'll be there in 5 minutes.,2/28/2024,Visible
717,story,cpedrijw,dgrevesjw,Hello,3/17/2023,Not visible
718,message,scoffeyjx,ccuerdalejx,Hello,2/25/2024,Visible
719,message,ademerjy,dtroilletjy,What's for dinner tonight?,3/24/2023,Visible
720,story,pesseljz,dmoubrayjz,Hello,6/24/2023,Not visible
721,story,kmendenhallk0,nsnelsonk0,What's for dinner tonight?,12/2/2023,Not visible
722,message,jspottswoodk1,tcossemk1,I'll be there in 5 minutes.,11/20/2023,Not visible
723,story,kmacclenank2,bivantyevk2,I'll be there in 5 minutes.,11/9/2023,Visible
724,message,mbaxendalek3,ckennerk3,What's for dinner tonight?,12/6/2023,Not visible
725,story,tedelheidk4,ndaultonk4,I'll be there in 5 minutes.,9/16/2023,Visible
726,story,abradockk5,kwilloughbyk5,Hello,12/14/2023,Visible
727,story,bzimmerk6,omeneelyk6,What's for dinner tonight?,6/28/2023,Visible
728,message,gnorledgek7,cpagenk7,Hello,3/22/2023,Not visible
729,story,lridoutk8,jenrick8,I'll be there in 5 minutes.,2/29/2024,Visible
730,message,vjahnkek9,rlonginak9,Let's meet at the park.,4/3/2023,Visible
731,story,misaqka,coflanneryka,What's for dinner tonight?,6/2/2023,Not visible
732,message,avallerinekb,yvobeskb,Hello,5/3/2023,Not visible
733,message,gbeadlekc,mfitzgibbonkc,I'll be there in 5 minutes.,11/16/2023,Not visible
734,story,teydenkd,bluxmoorekd,What's for dinner tonight?,1/31/2024,Not visible
735,message,kpaikke,nwrennke,Let's meet at the park.,10/17/2023,Not visible
736,story,bshovelkf,bbromagekf,I'll be there in 5 minutes.,5/12/2023,Visible
737,story,dgreensladekg,jnorkuttkg,I'll be there in 5 minutes.,8/7/2023,Visible
738,message,jcouroykh,hvowdonkh,What's for dinner tonight?,12/26/2023,Visible
739,message,rvineski,jswansburyki,What's for dinner tonight?,2/22/2024,Visible
740,message,domoylankj,lroseburghkj,Hello,4/6/2023,Not visible
741,message,tboastkk,tbrittokk,Let's meet at the park.,1/13/2024,Visible
742,story,ghandasidekl,wciobutarokl,What's for dinner tonight?,11/25/2023,Not visible
743,message,mblaxelandkm,jcolbournkm,how are you?,12/15/2023,Not visible
744,message,iliversidgekn,medmundsonkn,Hello,3/8/2023,Not visible
745,message,erobeconko,dsothcottko,how are you?,7/20/2023,Visible
746,story,madderleykp,gdumbrallkp,how are you?,11/7/2023,Not visible
747,message,fpasfieldkq,apestorkq,I'll be there in 5 minutes.,10/1/2023,Visible
748,story,mbrycesonkr,tgoforthkr,What's for dinner tonight?,10/17/2023,Not visible
749,story,jbradlyks,pastonks,Let's meet at the park.,11/13/2023,Not visible
750,message,gcroizierkt,rcarhartkt,I'll be there in 5 minutes.,8/3/2023,Visible
751,message,mtofflerku,fmenhamku,Hello,2/22/2024,Visible
752,story,ssalterskv,edunankv,Hello,7/15/2023,Visible
753,message,fconingkw,lscathardkw,Hello,1/24/2024,Not visible
754,message,cslyvesterkx,pbesnardkx,I'll be there in 5 minutes.,3/14/2023,Visible
755,message,iwonesky,kpavlitschekky,Hello,8/28/2023,Not visible
756,message,spenderkz,adranekz,I'll be there in 5 minutes.,10/10/2023,Not visible
757,message,stowseyl0,colfordl0,how are you?,11/13/2023,Not visible
758,story,jblasonil1,hfauxl1,Hello,10/7/2023,Not visible
759,message,ycritzenl2,balabasterl2,how are you?,9/6/2023,Visible
760,story,dchominskil3,cgavenl3,Let's meet at the park.,11/26/2023,Not visible
761,story,ppottlel4,cdonaghyl4,What's for dinner tonight?,3/8/2023,Not visible
762,message,jdecortl5,mjosovitzl5,Hello,3/6/2023,Not visible
763,story,rbaltzarl6,cgeerdtsl6,I'll be there in 5 minutes.,5/12/2023,Visible
764,story,ccharltonl7,hrosenbushl7,how are you?,2/29/2024,Not visible
765,story,cdulintyl8,sandragl8,Hello,3/1/2024,Not visible
766,story,asherrl9,dwoodagel9,I'll be there in 5 minutes.,9/28/2023,Visible
767,story,spasekla,cburella,Let's meet at the park.,4/8/2023,Visible
768,message,emattiazzolb,aphairlb,Let's meet at the park.,1/8/2024,Visible
769,message,dharderlc,bbignalllc,Let's meet at the park.,6/26/2023,Visible
770,message,cnorthageld,cbawleld,What's for dinner tonight?,5/31/2023,Visible
771,message,wburkinle,tdockreyle,how are you?,11/7/2023,Not visible
772,message,tvlasenkovlf,gpaulotlf,I'll be there in 5 minutes.,10/17/2023,Visible
773,message,dumplebylg,byushinlg,Hello,5/15/2023,Not visible
774,message,gullocklh,ulavrinovlh,Hello,1/1/2024,Not visible
775,message,jkuschali,jcullenli,how are you?,3/1/2024,Not visible
776,message,dsighardlj,sshervillj,What's for dinner tonight?,1/17/2024,Visible
777,story,pbowelllk,dsnelgarlk,how are you?,1/3/2024,Visible
778,message,bphelipll,nlanferll,What's for dinner tonight?,1/30/2024,Visible
779,story,gdarringtonlm,nmacskeaganlm,I'll be there in 5 minutes.,3/16/2023,Not visible
780,story,pmelroseln,hgaskerln,Let's meet at the park.,1/14/2024,Not visible
781,message,askilllo,tropkinglo,Hello,10/31/2023,Visible
782,message,awoolardlp,ffarrlp,how are you?,11/28/2023,Not visible
783,story,ccapelowlq,blundielq,What's for dinner tonight?,5/8/2023,Not visible
784,message,btonkeslr,lrivilislr,What's for dinner tonight?,11/8/2023,Not visible
785,message,chickenbottomls,bhuebnerls,I'll be there in 5 minutes.,10/25/2023,Not visible
786,story,hhassurlt,ileserlt,I'll be there in 5 minutes.,10/15/2023,Visible
787,message,amumbylu,lkleinsteinlu,how are you?,3/23/2023,Not visible
788,message,fcornecklv,bdenylv,What's for dinner tonight?,9/16/2023,Visible
789,story,lassantelw,fbecksonlw,I'll be there in 5 minutes.,4/30/2023,Not visible
790,message,tdegreylx,fgozardlx,I'll be there in 5 minutes.,3/16/2023,Not visible
791,story,ehenworthly,omatejly,how are you?,8/5/2023,Not visible
792,story,tspaingowerlz,alorenzinlz,What's for dinner tonight?,10/24/2023,Not visible
793,message,jsedgefieldm0,hpickhaverm0,I'll be there in 5 minutes.,3/19/2023,Not visible
794,story,ddinjesm1,tinchleym1,What's for dinner tonight?,6/12/2023,Visible
795,message,astoggellm2,rmaccorkellm2,Let's meet at the park.,6/7/2023,Not visible
796,message,aduckworthm3,bnolim3,Let's meet at the park.,1/3/2024,Not visible
797,message,lmucklom4,escamerdinem4,What's for dinner tonight?,8/4/2023,Visible
798,story,shainm5,dbresmanm5,What's for dinner tonight?,2/16/2024,Not visible
799,message,cfillerym6,lgennm6,Let's meet at the park.,3/27/2023,Not visible
800,story,mberntm7,pmilleym7,I'll be there in 5 minutes.,8/9/2023,Not visible
801,story,kbranem8,gmacakm8,I'll be there in 5 minutes.,11/14/2023,Visible
802,message,cbacopm9,tgabelm9,how are you?,2/8/2024,Visible
803,message,bperrettma,lfreebornma,Let's meet at the park.,8/2/2023,Visible
804,story,irennebachmb,vtournermb,how are you?,10/19/2023,Visible
805,story,lallseppmc,dsimnelmc,how are you?,8/6/2023,Visible
806,story,bdaburnmd,adullardmd,What's for dinner tonight?,4/11/2023,Not visible
807,message,sheffernanme,kzanellime,how are you?,7/7/2023,Visible
808,story,lmcconnellmf,bonraetmf,how are you?,3/24/2023,Visible
809,message,jspencelayhmg,mchaudrellemg,What's for dinner tonight?,2/29/2024,Not visible
810,message,ldelmagemh,vhanleymh,Hello,8/17/2023,Visible
811,message,ascourgemi,fthomannmi,Hello,10/17/2023,Not visible
812,message,cliveleymj,edaviotmj,Hello,2/14/2024,Not visible
813,message,mshaptermk,jjostanmk,I'll be there in 5 minutes.,1/4/2024,Not visible
814,story,gtaudevinml,kcholmondeleyml,I'll be there in 5 minutes.,10/21/2023,Visible
815,story,bgrigorievmm,lbugdallmm,how are you?,6/30/2023,Not visible
816,story,bphilippardmn,jtanmanmn,how are you?,10/20/2023,Not visible
817,story,mcrookallmo,rbremleymo,I'll be there in 5 minutes.,12/26/2023,Visible
818,message,gnewportmp,lyerrillmp,Let's meet at the park.,10/1/2023,Not visible
819,message,ssimeolimq,mligoemq,What's for dinner tonight?,6/21/2023,Visible
820,message,jitzaksonmr,esnooksmr,I'll be there in 5 minutes.,8/13/2023,Not visible
821,message,jgermainems,gmckennams,I'll be there in 5 minutes.,11/4/2023,Visible
822,story,steemt,dhowellmt,I'll be there in 5 minutes.,7/2/2023,Not visible
823,story,sauberymu,htowemu,I'll be there in 5 minutes.,8/24/2023,Not visible
824,message,sblampeymv,plondsdalemv,Let's meet at the park.,2/25/2024,Visible
825,message,fstaleymw,hcamockmw,Hello,7/8/2023,Visible
826,message,gcarltonmx,dglasermanmx,Hello,10/15/2023,Not visible
827,story,wkilfeathermy,pmaccimy,Hello,2/28/2024,Visible
828,message,hwaddinghammz,ifominovmz,Hello,6/9/2023,Not visible
829,story,cfyersn0,lscamwelln0,Hello,10/11/2023,Visible
830,story,fdaguannon1,jkirtlandn1,Hello,5/15/2023,Not visible
831,story,nburnhardn2,crominovn2,I'll be there in 5 minutes.,7/8/2023,Visible
832,story,bgynnin3,gandreuzzin3,What's for dinner tonight?,5/12/2023,Visible
833,message,vwithulln4,bgladdenn4,I'll be there in 5 minutes.,5/16/2023,Visible
834,story,bmcpiken5,wcoplandn5,What's for dinner tonight?,3/6/2023,Visible
835,story,mstandbridgen6,lhintzern6,Let's meet at the park.,1/15/2024,Not visible
836,message,lcapinin7,eliversagen7,I'll be there in 5 minutes.,9/2/2023,Visible
837,story,eglanzn8,mkeymarn8,What's for dinner tonight?,7/20/2023,Visible
838,message,tpetticann9,mchattelainen9,how are you?,2/10/2024,Not visible
839,message,zabercrombyna,mcutchiena,how are you?,6/29/2023,Visible
840,story,fdollenb,kmorlingnb,how are you?,1/22/2024,Visible
841,story,jrennocknc,jpoynzernc,What's for dinner tonight?,9/26/2023,Visible
842,message,deltonend,npettersennd,Let's meet at the park.,1/23/2024,Visible
843,message,wcomstyne,wshawne,I'll be there in 5 minutes.,6/29/2023,Not visible
844,story,kjevonsnf,gwindridgenf,how are you?,3/8/2023,Visible
845,story,sthireaung,lhowerdng,how are you?,11/29/2023,Not visible
846,message,pborleacenh,kwhitrodnh,how are you?,5/3/2023,Not visible
847,story,vgerardetni,rdyshartni,Hello,10/1/2023,Not visible
848,message,pboissiernj,kallcroftnj,Hello,5/26/2023,Not visible
849,story,cminchink,jcoffinnk,Hello,7/3/2023,Not visible
850,message,malcidenl,aventhamnl,Hello,12/6/2023,Visible
851,message,bcosinnm,lmcreynoldnm,I'll be there in 5 minutes.,2/28/2024,Not visible
852,story,ctrevershnn,mnorthernnn,how are you?,3/31/2023,Visible
853,message,mcastigliono,rblesdillno,Let's meet at the park.,7/7/2023,Not visible
854,message,tgarfootnp,fgoldsburynp,Let's meet at the park.,7/23/2023,Not visible
855,message,mnorvillnq,wmainsonnq,I'll be there in 5 minutes.,1/11/2024,Not visible
856,story,kokennynr,sficklingnr,Hello,8/20/2023,Not visible
857,story,jaspallns,kmacalasterns,Hello,12/19/2023,Visible
858,message,rbasillnt,kguttridgent,how are you?,12/10/2023,Visible
859,message,bmatevosiannu,jbartolozzinu,What's for dinner tonight?,3/13/2023,Not visible
860,message,chinksnv,hmulberynv,What's for dinner tonight?,1/18/2024,Not visible
861,story,dgardenernw,gpembertonnw,Hello,2/3/2024,Not visible
862,message,jsongernx,glucanx,how are you?,9/21/2023,Visible
863,message,tsnaddinny,rbaudinny,I'll be there in 5 minutes.,10/18/2023,Not visible
864,story,mhassettnz,wfawlkesnz,how are you?,4/14/2023,Not visible
865,story,zchilderleyo0,kgoodinsono0,Hello,6/1/2023,Not visible
866,message,dtinklino1,bbunsono1,Hello,5/21/2023,Not visible
867,message,semmineso2,pheffernano2,how are you?,2/22/2024,Visible
868,story,cedricho3,gmcausleneo3,I'll be there in 5 minutes.,7/19/2023,Visible
869,story,dcaustono4,lmoppetto4,What's for dinner tonight?,3/24/2023,Not visible
870,story,ttwyfordo5,ngreyo5,What's for dinner tonight?,12/21/2023,Not visible
871,message,dburditto6,vborrowso6,What's for dinner tonight?,10/7/2023,Not visible
872,message,nbeesleyo7,okopo7,I'll be there in 5 minutes.,9/9/2023,Visible
873,message,swhithalgho8,zdovestono8,What's for dinner tonight?,2/10/2024,Visible
874,story,hmcculleyo9,ekerneo9,Hello,11/23/2023,Visible
875,message,lsabbertonoa,bmactrustieoa,I'll be there in 5 minutes.,7/22/2023,Visible
876,message,npretswellob,rmollattob,Let's meet at the park.,7/25/2023,Not visible
877,story,cbrinsdenoc,hfazakerleyoc,Hello,12/29/2023,Visible
878,story,bfenckod,abarteletod,Hello,2/18/2024,Visible
879,message,nroccooe,bodeveyoe,how are you?,9/21/2023,Visible
880,story,mwiffieldof,rriccardiof,how are you?,10/13/2023,Visible
881,message,dladsonog,hmacallesterog,how are you?,4/16/2023,Not visible
882,story,hbrotherhoodoh,dleatherlandoh,I'll be there in 5 minutes.,7/7/2023,Visible
883,message,yweymouthoi,cwindhamoi,I'll be there in 5 minutes.,12/7/2023,Visible
884,message,wephgraveoj,gredwinoj,What's for dinner tonight?,11/18/2023,Not visible
885,message,cjacquetok,wbarrassok,how are you?,11/5/2023,Visible
886,message,kjuanesol,bmorsheadol,I'll be there in 5 minutes.,12/6/2023,Visible
887,message,pvreedeom,mneisingom,I'll be there in 5 minutes.,7/24/2023,Not visible
888,story,esheeringon,lsparkson,What's for dinner tonight?,5/13/2023,Not visible
889,story,mferroneloo,cskeeteoo,how are you?,12/5/2023,Not visible
890,message,hhantuschop,deuelsop,Let's meet at the park.,3/30/2023,Not visible
891,message,vocollopyoq,hherculsonoq,how are you?,8/1/2023,Not visible
892,message,rmathisor,rbalharrieor,how are you?,7/9/2023,Not visible
893,story,fcooringtonos,pdjorevicos,how are you?,10/2/2023,Not visible
894,message,rtrillot,mbackmanot,I'll be there in 5 minutes.,12/13/2023,Visible
895,message,eabbotsonou,egrattenou,Let's meet at the park.,3/22/2023,Visible
896,message,nklimpkeov,ohurkettov,What's for dinner tonight?,8/31/2023,Visible
897,message,fdeweyow,mbuzineow,I'll be there in 5 minutes.,7/10/2023,Not visible
898,message,wforesightox,hpassyox,What's for dinner tonight?,8/26/2023,Not visible
899,message,jbriiginshawoy,mklesloy,Let's meet at the park.,10/1/2023,Not visible
900,message,nbamptonoz,bcartyoz,What's for dinner tonight?,11/15/2023,Not visible
901,message,hvivienp0,yellerkerp0,Let's meet at the park.,8/20/2023,Not visible
902,message,dsamwellp1,ffoulcherp1,Let's meet at the park.,11/2/2023,Not visible
903,story,kviccarsp2,bschruyersp2,Let's meet at the park.,11/18/2023,Not visible
904,story,ptudgayp3,alowfillp3,What's for dinner tonight?,8/1/2023,Not visible
905,story,agammiep4,uschollerp4,Let's meet at the park.,2/8/2024,Not visible
906,story,njoveyp5,rgriffittsp5,I'll be there in 5 minutes.,4/29/2023,Not visible
907,message,ewillcoxp6,eheyballp6,What's for dinner tonight?,10/17/2023,Not visible
908,story,mjanuarystp7,abienvenup7,What's for dinner tonight?,9/16/2023,Not visible
909,message,brullerp8,dburnhillp8,how are you?,4/18/2023,Not visible
910,story,awardenp9,rtrotterp9,I'll be there in 5 minutes.,9/23/2023,Visible
911,story,fharuardpa,ageakepa,Hello,5/24/2023,Not visible
912,story,jslatenpb,dnuschkepb,how are you?,8/12/2023,Not visible
913,message,mcurraopc,bistedpc,Let's meet at the park.,3/19/2023,Visible
914,story,mkulaspd,rpinnickpd,What's for dinner tonight?,4/6/2023,Not visible
915,story,fharrisonpe,cnewshampe,Let's meet at the park.,2/21/2024,Visible
916,message,rbatrippf,abaakepf,Let's meet at the park.,9/19/2023,Visible
917,story,sanfonsipg,mjeanequinpg,Let's meet at the park.,4/24/2023,Visible
918,story,lgallihaulkph,rbrunsdenph,Hello,11/9/2023,Not visible
919,message,nrickertsenpi,esilleypi,Hello,4/17/2023,Visible
920,story,fjeggopj,hserlepj,I'll be there in 5 minutes.,1/28/2024,Not visible
921,message,cchallinorpk,bemerinepk,I'll be there in 5 minutes.,12/16/2023,Visible
922,story,dkirganpl,csaltmarshepl,Let's meet at the park.,8/7/2023,Visible
923,message,avedntyevpm,mhelsdonpm,I'll be there in 5 minutes.,12/19/2023,Not visible
924,story,krosellinipn,leroniepn,how are you?,4/22/2023,Not visible
925,story,crobbspo,jborgpo,Let's meet at the park.,10/18/2023,Visible
926,story,ekinnarpp,ksnoadpp,how are you?,5/9/2023,Visible
927,story,jlambinpq,jpowepq,how are you?,1/2/2024,Visible
928,story,dtrewettpr,mburfieldpr,What's for dinner tonight?,6/7/2023,Not visible
929,story,adutchps,vgeckeps,What's for dinner tonight?,11/3/2023,Not visible
930,message,rmcmurrughpt,mtumininipt,Let's meet at the park.,12/13/2023,Not visible
931,story,troyanpu,sginopu,I'll be there in 5 minutes.,2/4/2024,Not visible
932,message,mjendryspv,kbeagleholepv,Let's meet at the park.,2/3/2024,Visible
933,message,hmatysiakpw,mlammaspw,Hello,5/23/2023,Not visible
934,message,ahallumspx,tpounsettpx,I'll be there in 5 minutes.,4/17/2023,Not visible
935,message,sthresherpy,mshrimplingpy,how are you?,1/27/2024,Visible
936,story,rhattampz,mmatthiaspz,What's for dinner tonight?,5/28/2023,Visible
937,message,rmatitiahoq0,cleipeltq0,how are you?,9/16/2023,Not visible
938,story,kglancyq1,mickq1,how are you?,6/20/2023,Not visible
939,story,cdaniellsq2,qbickerq2,What's for dinner tonight?,2/22/2024,Not visible
940,message,agyenesq3,bduddinq3,What's for dinner tonight?,4/4/2023,Not visible
941,story,smellemq4,akarchewskiq4,how are you?,8/3/2023,Visible
942,story,mgogayq5,etaborreq5,What's for dinner tonight?,5/1/2023,Visible
943,story,sblacklaweq6,wbuckettq6,What's for dinner tonight?,9/15/2023,Visible
944,message,sbackwellq7,qmenierq7,how are you?,7/12/2023,Visible
945,story,tnajaraq8,vshelpq8,how are you?,5/16/2023,Visible
946,message,sstokeq9,aspittallq9,I'll be there in 5 minutes.,4/28/2023,Visible
947,message,gdixqa,ckermitqa,What's for dinner tonight?,7/6/2023,Not visible
948,message,ltroyesqb,dreignoldsqb,Let's meet at the park.,1/30/2024,Visible
949,story,jyeldingqc,klavrickqc,I'll be there in 5 minutes.,7/27/2023,Not visible
950,story,karmisteadqd,bbanfillqd,how are you?,9/22/2023,Visible
951,message,msomnerqe,ktitcombeqe,how are you?,6/22/2023,Not visible
952,story,sadamoviczqf,smaidlowqf,What's for dinner tonight?,3/19/2023,Not visible
953,story,kgaugeqg,bstandbrookqg,Let's meet at the park.,2/20/2024,Visible
954,message,swoollendsqh,lsaillqh,Hello,6/18/2023,Visible
955,message,jscollanqi,mdennissqi,I'll be there in 5 minutes.,5/1/2023,Not visible
956,story,sperrenqj,vdurtnellqj,Let's meet at the park.,6/15/2023,Not visible
957,story,doverilqk,gholmeqk,I'll be there in 5 minutes.,11/12/2023,Visible
958,story,imcdiarmidql,ctombsql,how are you?,6/1/2023,Visible
959,story,pughelliqm,jjekyllqm,Hello,10/28/2023,Visible
960,story,tchishullqn,mbalnaveqn,I'll be there in 5 minutes.,11/3/2023,Visible
961,story,eimpettqo,amarchettiqo,Let's meet at the park.,9/30/2023,Visible
962,story,ahartusqp,atudgayqp,I'll be there in 5 minutes.,6/21/2023,Visible
963,message,rplaxtonqq,gbattersonqq,how are you?,1/7/2024,Visible
964,story,aclayhillqr,cbeldersonqr,Let's meet at the park.,9/24/2023,Not visible
965,message,bmaccrackanqs,uwealdqs,how are you?,11/13/2023,Not visible
966,message,mgowlerqt,rtuerenaqt,Hello,11/7/2023,Visible
967,story,nmurdenqu,nshardlowqu,Let's meet at the park.,4/11/2023,Not visible
968,message,msudranqv,dfeldmannqv,What's for dinner tonight?,9/19/2023,Visible
969,message,dislipqw,msantostefanoqw,Hello,10/17/2023,Visible
970,story,aadawayqx,aopdenortqx,Hello,8/30/2023,Visible
971,story,kdurnoqy,ldaltonqy,I'll be there in 5 minutes.,1/24/2024,Not visible
972,story,sgudgenqz,ccarlensqz,I'll be there in 5 minutes.,12/15/2023,Visible
973,story,lsilvertonr0,havisr0,Let's meet at the park.,10/11/2023,Visible
974,story,owhater1,smowburyr1,What's for dinner tonight?,1/23/2024,Visible
975,message,mneylonr2,rtoyner2,how are you?,10/18/2023,Visible
976,message,ychaffenr3,imclardier3,What's for dinner tonight?,2/25/2024,Visible
977,message,fparadiner4,sbrockmanr4,Let's meet at the park.,8/15/2023,Not visible
978,story,mfenichr5,nrudger5,What's for dinner tonight?,1/28/2024,Visible
979,story,csmellier6,awhichelowr6,Hello,4/27/2023,Visible
980,message,doswalr7,narmatysr7,Let's meet at the park.,1/8/2024,Not visible
981,message,nheenanr8,mlandsbergr8,how are you?,1/18/2024,Not visible
982,story,nfitzpatrickr9,nbonnellr9,Let's meet at the park.,2/13/2024,Not visible
983,story,abalaizotra,oculverhousera,Let's meet at the park.,4/19/2023,Not visible
984,message,tpratorrb,pfooterrb,What's for dinner tonight?,8/4/2023,Visible
985,message,mbagwellrc,ecrumrc,how are you?,5/4/2023,Visible
986,message,hwetherellrd,lcogginsrd,I'll be there in 5 minutes.,12/28/2023,Visible
987,message,cjaumere,ascatcharre,What's for dinner tonight?,10/9/2023,Visible
988,story,itytcombrf,ccoltmanrf,I'll be there in 5 minutes.,10/13/2023,Not visible
989,story,hsimacekrg,ecopemanrg,I'll be there in 5 minutes.,11/4/2023,Visible
990,story,ofranzewitchrh,npardyrh,What's for dinner tonight?,3/31/2023,Not visible
991,message,gmcettrickri,jormondri,how are you?,4/18/2023,Visible
992,message,tlamkerj,dsaleryrj,Hello,4/3/2023,Not visible
993,story,hdeedesrk,mgwillymrk,Let's meet at the park.,9/17/2023,Visible
994,story,csarfatrl,rtesaurorl,Hello,2/15/2024,Not visible
995,story,wbaccusrm,kwabyrm,how are you?,7/29/2023,Visible
996,message,ggrinnikovrn,gfargern,Hello,10/13/2023,Visible
997,story,nbreakwellro,pruppelro,I'll be there in 5 minutes.,1/20/2024,Visible
998,message,hgoscarrp,smccomishrp,What's for dinner tonight?,2/7/2024,Not visible
999,message,lmcadamrq,scroserq,Let's meet at the park.,3/3/2023,Not visible
1000,message,dfeldhammerrr,naslottrr,Let's meet at the park.,10/7/2023,Visible
